-- Insert Data

INSERT INTO users (username, email, password) VALUES
('user1', 'user1@example.com', 'password1'),
('user2', 'user2@example.com', 'password2'),
('user3', 'user3@example.com', 'password3'),
('user4', 'user4@example.com', 'password4'),
('user5', 'user5@example.com', 'password5'),
('user6', 'user6@example.com', 'password6'),
('user7', 'user7@example.com', 'password7'),
('user8', 'user8@example.com', 'password8'),
('user9', 'user9@example.com', 'password9'),
('user10', 'user10@example.com', 'password10'),
('user11', 'user11@example.com', 'password11'),
('user12', 'user12@example.com', 'password12'),
('user13', 'user13@example.com', 'password13'),
('user14', 'user14@example.com', 'password14'),
('user15', 'user15@example.com', 'password15'),
('user16', 'user16@example.com', 'password16'),
('user17', 'user17@example.com', 'password17'),
('user18', 'user18@example.com', 'password18'),
('user19', 'user19@example.com', 'password19'),
('user20', 'user20@example.com', 'password20'),
('user21', 'user21@example.com', 'password21'),
('user22', 'user22@example.com', 'password22'),
('user23', 'user23@example.com', 'password23'),
('user24', 'user24@example.com', 'password24'),
('user25', 'user25@example.com', 'password25'),
('user26', 'user26@example.com', 'password26'),
('user27', 'user27@example.com', 'password27'),
('user28', 'user28@example.com', 'password28'),
('user29', 'user29@example.com', 'password29'),
('user30', 'user30@example.com', 'password30'),
('user31', 'user31@example.com', 'password31'),
('user32', 'user32@example.com', 'password32'),
('user33', 'user33@example.com', 'password33'),
('user34', 'user34@example.com', 'password34'),
('user35', 'user35@example.com', 'password35'),
('user36', 'user36@example.com', 'password36'),
('user37', 'user37@example.com', 'password37'),
('user38', 'user38@example.com', 'password38'),
('user39', 'user39@example.com', 'password39'),
('user40', 'user40@example.com', 'password40'),
('user41', 'user41@example.com', 'password41'),
('user42', 'user42@example.com', 'password42'),
('user43', 'user43@example.com', 'password43'),
('user44', 'user44@example.com', 'password44'),
('user45', 'user45@example.com', 'password45'),
('user46', 'user46@example.com', 'password46'),
('user47', 'user47@example.com', 'password47'),
('user48', 'user48@example.com', 'password48'),
('user49', 'user49@example.com', 'password49'),
('user50', 'user50@example.com', 'password50');


-- Table Two

INSERT INTO posts (user_id, title, content) VALUES
(1, 'First Post', 'This is the content of the first post.'),
(2, 'Second Post', 'This is the content of the second post.'),
(3, 'Third Post', 'This is the content of the third post.'),
(4, 'Fourth Post', 'This is the content of the fourth post.'),
(5, 'Fifth Post', 'This is the content of the fifth post.'),
(6, 'Sixth Post', 'This is the content of the sixth post.'),
(7, 'Seventh Post', 'This is the content of the seventh post.'),
(8, 'Eighth Post', 'This is the content of the eighth post.'),
(9, 'Ninth Post', 'This is the content of the ninth post.'),
(10, 'Tenth Post', 'This is the content of the tenth post.'),
(11, 'Eleventh Post', 'This is the content of the eleventh post.'),
(12, 'Twelfth Post', 'This is the content of the twelfth post.'),
(13, 'Thirteenth Post', 'This is the content of the thirteenth post.'),
(14, 'Fourteenth Post', 'This is the content of the fourteenth post.'),
(15, 'Fifteenth Post', 'This is the content of the fifteenth post.'),
(16, 'Sixteenth Post', 'This is the content of the sixteenth post.'),
(17, 'Seventeenth Post', 'This is the content of the seventeenth post.'),
(18, 'Eighteenth Post', 'This is the content of the eighteenth post.'),
(19, 'Nineteenth Post', 'This is the content of the nineteenth post.'),
(20, 'Twentieth Post', 'This is the content of the twentieth post.'),
(21, 'Twenty-First Post', 'This is the content of the twenty-first post.'),
(22, 'Twenty-Second Post', 'This is the content of the twenty-second post.'),
(23, 'Twenty-Third Post', 'This is the content of the twenty-third post.'),
(24, 'Twenty-Fourth Post', 'This is the content of the twenty-fourth post.'),
(25, 'Twenty-Fifth Post', 'This is the content of the twenty-fifth post.'),
(26, 'Twenty-Sixth Post', 'This is the content of the twenty-sixth post.'),
(27, 'Twenty-Seventh Post', 'This is the content of the twenty-seventh post.'),
(28, 'Twenty-Eighth Post', 'This is the content of the twenty-eighth post.'),
(29, 'Twenty-Ninth Post', 'This is the content of the twenty-ninth post.'),
(30, 'Thirtieth Post', 'This is the content of the thirtieth post.'),
(31, 'Thirty-First Post', 'This is the content of the thirty-first post.'),
(32, 'Thirty-Second Post', 'This is the content of the thirty-second post.'),
(33, 'Thirty-Third Post', 'This is the content of the thirty-third post.'),
(34, 'Thirty-Fourth Post', 'This is the content of the thirty-fourth post.'),
(35, 'Thirty-Fifth Post', 'This is the content of the thirty-fifth post.'),
(36, 'Thirty-Sixth Post', 'This is the content of the thirty-sixth post.'),
(37, 'Thirty-Seventh Post', 'This is the content of the thirty-seventh post.'),
(38, 'Thirty-Eighth Post', 'This is the content of the thirty-eighth post.'),
(39, 'Thirty-Ninth Post', 'This is the content of the thirty-ninth post.'),
(40, 'Fortieth Post', 'This is the content of the fortieth post.'),
(41, 'Forty-First Post', 'This is the content of the forty-first post.'),
(42, 'Forty-Second Post', 'This is the content of the forty-second post.'),
(43, 'Forty-Third Post', 'This is the content of the forty-third post.'),
(44, 'Forty-Fourth Post', 'This is the content of the forty-fourth post.'),
(45, 'Forty-Fifth Post', 'This is the content of the forty-fifth post.'),
(46, 'Forty-Sixth Post', 'This is the content of the forty-sixth post.'),
(47, 'Forty-Seventh Post', 'This is the content of the forty-seventh post.'),
(48, 'Forty-Eighth Post', 'This is the content of the forty-eighth post.'),
(49, 'Forty-Ninth Post', 'This is the content of the forty-ninth post.'),
(50, 'Fiftieth Post', 'This is the content of the fiftieth post.');


-- Table 3

INSERT INTO comments (post_id, user_id, comment) VALUES
(1, 3, 'This is a comment on the first post.'),
(2, 4, 'This is a comment on the second post.'),
(3, 5, 'This is a comment on the third post.'),
(4, 6, 'This is a comment on the fourth post.'),
(5, 7, 'This is a comment on the fifth post.'),
(6, 8, 'This is a comment on the sixth post.'),
(7, 9, 'This is a comment on the seventh post.'),
(8, 10, 'This is a comment on the eighth post.'),
(9, 11, 'This is a comment on the ninth post.'),
(10, 12, 'This is a comment on the tenth post.'),
(11, 13, 'This is a comment on the eleventh post.'),
(12, 14, 'This is a comment on the twelfth post.'),
(13, 15, 'This is a comment on the thirteenth post.'),
(14, 16, 'This is a comment on the fourteenth post.'),
(15, 17, 'This is a comment on the fifteenth post.'),
(16, 18, 'This is a comment on the sixteenth post.'),
(17, 19, 'This is a comment on the seventeenth post.'),
(18, 20, 'This is a comment on the eighteenth post.'),
(19, 21, 'This is a comment on the nineteenth post.'),
(20, 22, 'This is a comment on the twentieth post.'),
(21, 23, 'This is a comment on the twenty-first post.'),
(22, 24, 'This is a comment on the twenty-second post.'),
(23, 25, 'This is a comment on the twenty-third post.'),
(24, 26, 'This is a comment on the twenty-fourth post.'),
(25, 27, 'This is a comment on the twenty-fifth post.'),
(26, 28, 'This is a comment on the twenty-sixth post.'),
(27, 29, 'This is a comment on the twenty-seventh post.'),
(28, 30, 'This is a comment on the twenty-eighth post.'),
(29, 31, 'This is a comment on the twenty-ninth post.'),
(30, 32, 'This is a comment on the thirtieth post.'),
(31, 33, 'This is a comment on the thirty-first post.'),
(32, 34, 'This is a comment on the thirty-second post.'),
(33, 35, 'This is a comment on the thirty-third post.'),
(34, 36, 'This is a comment on the thirty-fourth post.'),
(35, 37, 'This is a comment on the thirty-fifth post.'),
(36, 38, 'This is a comment on the thirty-sixth post.'),
(37, 39, 'This is a comment on the thirty-seventh post.'),
(38, 40, 'This is a comment on the thirty-eighth post.'),
(39, 41, 'This is a comment on the thirty-ninth post.'),
(40, 42, 'This is a comment on the fortieth post.'),
(41, 43, 'This is a comment on the forty-first post.'),
(42, 44, 'This is a comment on the forty-second post.'),
(43, 45, 'This is a comment on the forty-third post.'),
(44, 46, 'This is a comment on the forty-fourth post.'),
(45, 47, 'This is a comment on the forty-fifth post.'),
(46, 48, 'This is a comment on the forty-sixth post.'),
(47, 49, 'This is a comment on the forty-seventh post.'),
(48, 50, 'This is a comment on the forty-eighth post.'),
(49, 1, 'This is a comment on the forty-ninth post.'),
(50, 2, 'This is a comment on the fiftieth post.');