 -- Date Dimension Table

INSERT INTO Date (date_id, date, day_of_week, month, year) VALUES
(1, '2024-01-01', 'Monday', 'January', 2024),
(2, '2024-01-02', 'Tuesday', 'January', 2024),
(3, '2024-01-03', 'Wednesday', 'January', 2024),
(4, '2024-01-04', 'Thursday', 'January', 2024),
(5, '2024-01-05', 'Friday', 'January', 2024),
(6, '2024-01-06', 'Saturday', 'January', 2024),
(7, '2024-01-07', 'Sunday', 'January', 2024),
(8, '2024-01-08', 'Monday', 'January', 2024),
(9, '2024-01-09', 'Tuesday', 'January', 2024),
(10, '2024-01-10', 'Wednesday', 'January', 2024),
(11, '2024-01-11', 'Thursday', 'January', 2024),
(12, '2024-01-12', 'Friday', 'January', 2024),
(13, '2024-01-13', 'Saturday', 'January', 2024),
(14, '2024-01-14', 'Sunday', 'January', 2024),
(15, '2024-01-15', 'Monday', 'January', 2024),
(16, '2024-01-16', 'Tuesday', 'January', 2024),
(17, '2024-01-17', 'Wednesday', 'January', 2024),
(18, '2024-01-18', 'Thursday', 'January', 2024),
(19, '2024-01-19', 'Friday', 'January', 2024),
(20, '2024-01-20', 'Saturday', 'January', 2024),
(21, '2024-01-21', 'Sunday', 'January', 2024),
(22, '2024-01-22', 'Monday', 'January', 2024),
(23, '2024-01-23', 'Tuesday', 'January', 2024),
(24, '2024-01-24', 'Wednesday', 'January', 2024),
(25, '2024-01-25', 'Thursday', 'January', 2024),
(26, '2024-01-26', 'Friday', 'January', 2024),
(27, '2024-01-27', 'Saturday', 'January', 2024),
(28, '2024-01-28', 'Sunday', 'January', 2024),
(29, '2024-01-29', 'Monday', 'January', 2024),
(30, '2024-01-30', 'Tuesday', 'January', 2024);


-- Product Dimension Table

INSERT INTO Product (product_id, product_name, category, brand, unit_price) VALUES
(1, 'Laptop', 'Electronics', 'Dell', 1200.00),
(2, 'Smartphone', 'Electronics', 'Apple', 800.00),
(3, 'Desk Chair', 'Furniture', 'IKEA', 100.00),
(4, 'Coffee Table', 'Furniture', 'Wayfair', 150.00),
(5, 'Running Shoes', 'Sporting Goods', 'Nike', 80.00),
(6, 'Dumbbells', 'Sporting Goods', 'CAP Barbell', 50.00),
(7, 'Headphones', 'Electronics', 'Sony', 150.00),
(8, 'Television', 'Electronics', 'Samsung', 1000.00),
(9, 'Office Desk', 'Furniture', 'Staples', 200.00),
(10, 'Backpack', 'Accessories', 'North Face', 70.00),
(11, 'Printer', 'Electronics', 'HP', 150.00),
(12, 'Sofa', 'Furniture', 'Ashley Furniture', 800.00),
(13, 'Keyboard', 'Electronics', 'Logitech', 50.00),
(14, 'Mouse', 'Electronics', 'Microsoft', 30.00),
(15, 'Gaming Console', 'Electronics', 'PlayStation', 400.00),
(16, 'Monitor', 'Electronics', 'Acer', 200.00),
(17, 'Bluetooth Speaker', 'Electronics', 'JBL', 100.00),
(18, 'Cookware Set', 'Kitchen', 'Cuisinart', 150.00),
(19, 'Digital Camera', 'Electronics', 'Canon', 300.00),
(20, 'Fitness Tracker', 'Electronics', 'Fitbit', 80.00),
(21, 'Bookshelf', 'Furniture', 'IKEA', 80.00),
(22, 'Tablet', 'Electronics', 'Amazon', 250.00),
(23, 'Wireless Router', 'Electronics', 'Linksys', 70.00),
(24, 'Vacuum Cleaner', 'Home Appliances', 'Dyson', 300.00),
(25, 'Blender', 'Kitchen', 'Ninja', 80.00),
(26, 'Toaster', 'Kitchen', 'Hamilton Beach', 40.00),
(27, 'Microwave', 'Kitchen', 'Panasonic', 100.00),
(28, 'Electric Kettle', 'Kitchen', 'OXO', 50.00),
(29, 'Coffee Maker', 'Kitchen', 'Keurig', 120.00),
(30, 'Air Fryer', 'Kitchen', 'Cosori', 100.00);


-- Store Dimension Table

INSERT INTO Store (store_id, store_name, city, state, country) VALUES
(1, 'ElectroMart', 'New York City', 'New York', 'USA'),
(2, 'Tech Haven', 'Los Angeles', 'California', 'USA'),
(3, 'Gadget Galaxy', 'Chicago', 'Illinois', 'USA'),
(4, 'Digital Den', 'Houston', 'Texas', 'USA'),
(5, 'Electronics Emporium', 'Phoenix', 'Arizona', 'USA'),
(6, 'Furniture World', 'Philadelphia', 'Pennsylvania', 'USA'),
(7, 'Home Essentials', 'San Antonio', 'Texas', 'USA'),
(8, 'Gizmo Zone', 'San Diego', 'California', 'USA'),
(9, 'Appliance Center', 'Dallas', 'Texas', 'USA'),
(10, 'Sports Superstore', 'San Jose', 'California', 'USA'),
(11, 'Tech Plaza', 'Austin', 'Texas', 'USA'),
(12, 'Furniture Fusion', 'Jacksonville', 'Florida', 'USA'),
(13, 'Gadget Gallery', 'Fort Worth', 'Texas', 'USA'),
(14, 'Digital Depot', 'Columbus', 'Ohio', 'USA'),
(15, 'Home Comforts', 'Charlotte', 'North Carolina', 'USA'),
(16, 'Electro Palace', 'Indianapolis', 'Indiana', 'USA'),
(17, 'Smart Living', 'San Francisco', 'California', 'USA'),
(18, 'Tech Junction', 'Seattle', 'Washington', 'USA'),
(19, 'Appliance Haven', 'Denver', 'Colorado', 'USA'),
(20, 'Furniture Mart', 'Washington D.C.', 'District of Columbia', 'USA'),
(21, 'Gadget Central', 'Boston', 'Massachusetts', 'USA'),
(22, 'Electro World', 'Detroit', 'Michigan', 'USA'),
(23, 'Home Oasis', 'Nashville', 'Tennessee', 'USA'),
(24, 'Tech Oasis', 'Memphis', 'Tennessee', 'USA'),
(25, 'Digital Dreams', 'Portland', 'Oregon', 'USA'),
(26, 'Home Harmony', 'Oklahoma City', 'Oklahoma', 'USA'),
(27, 'Gadget Haven', 'Las Vegas', 'Nevada', 'USA'),
(28, 'Electro Haven', 'Louisville', 'Kentucky', 'USA'),
(29, 'Tech Universe', 'Baltimore', 'Maryland', 'USA'),
(30, 'Furniture Haven', 'Milwaukee', 'Wisconsin', 'USA');


-- Customer Dimension Table

INSERT INTO Customer (customer_id, customer_name, email, phone_number, address) VALUES
(1, 'John Doe', 'john.doe@example.com', '+1234567890', '123 Main St, New York, NY, USA'),
(2, 'Jane Smith', 'jane.smith@example.com', '+1987654321', '456 Elm St, Los Angeles, CA, USA'),
(3, 'Michael Johnson', 'michael.johnson@example.com', '+1122334455', '789 Maple Ave, Chicago, IL, USA'),
(4, 'Emily Brown', 'emily.brown@example.com', '+1443322110', '101 Oak St, Houston, TX, USA'),
(5, 'Daniel Wilson', 'daniel.wilson@example.com', '+1555666777', '222 Pine St, Phoenix, AZ, USA'),
(6, 'Olivia Taylor', 'olivia.taylor@example.com', '+1666777888', '333 Cedar St, Philadelphia, PA, USA'),
(7, 'William Martinez', 'william.martinez@example.com', '+1777888999', '444 Walnut St, San Antonio, TX, USA'),
(8, 'Sophia Anderson', 'sophia.anderson@example.com', '+1888999000', '555 Birch St, San Diego, CA, USA'),
(9, 'James Garcia', 'james.garcia@example.com', '+1999000111', '666 Spruce St, Dallas, TX, USA'),
(10, 'Emma Lopez', 'emma.lopez@example.com', '+1212121212', '777 Oak St, San Jose, CA, USA'),
(11, 'Alexander Gonzalez', 'alexander.gonzalez@example.com', '+1313131313', '888 Maple St, Austin, TX, USA'),
(12, 'Ava Hernandez', 'ava.hernandez@example.com', '+1414141414', '999 Pine St, Jacksonville, FL, USA'),
(13, 'Mia Miller', 'mia.miller@example.com', '+1515151515', '101 Elm St, Fort Worth, TX, USA'),
(14, 'Ethan Moore', 'ethan.moore@example.com', '+1616161616', '202 Oak St, Columbus, OH, USA'),
(15, 'Isabella Davis', 'isabella.davis@example.com', '+1717171717', '303 Cedar St, Charlotte, NC, USA'),
(16, 'Charlotte Wilson', 'charlotte.wilson@example.com', '+1818181818', '404 Maple St, Indianapolis, IN, USA'),
(17, 'Noah Rodriguez', 'noah.rodriguez@example.com', '+1919191919', '505 Birch St, San Francisco, CA, USA'),
(18, 'Benjamin White', 'benjamin.white@example.com', '+2020202020', '606 Walnut St, Seattle, WA, USA'),
(19, 'Lucas Thompson', 'lucas.thompson@example.com', '+2121212121', '707 Pine St, Denver, CO, USA'),
(20, 'Grace Carter', 'grace.carter@example.com', '+2222222222', '808 Oak St, Washington D.C., USA'),
(21, 'Chloe Harris', 'chloe.harris@example.com', '+2323232323', '909 Cedar St, Boston, MA, USA'),
(22, 'Elijah Young', 'elijah.young@example.com', '+2424242424', '1010 Elm St, Detroit, MI, USA'),
(23, 'Liam King', 'liam.king@example.com', '+2525252525', '1111 Maple St, Nashville, TN, USA'),
(24, 'Zoe Lee', 'zoe.lee@example.com', '+2626262626', '1212 Pine St, Memphis, TN, USA'),
(25, 'Harper Wright', 'harper.wright@example.com', '+2727272727', '1313 Oak St, Portland, OR, USA'),
(26, 'Lily Nguyen', 'lily.nguyen@example.com', '+2828282828', '1414 Cedar St, Oklahoma City, OK, USA'),
(27, 'Mason Scott', 'mason.scott@example.com', '+2929292929', '1515 Walnut St, Las Vegas, NV, USA'),
(28, 'Aiden Roberts', 'aiden.roberts@example.com', '+3030303030', '1616 Maple St, Louisville, KY, USA'),
(29, 'Evelyn Adams', 'evelyn.adams@example.com', '+3131313131', '1717 Elm St, Baltimore, MD, USA'),
(30, 'Logan Campbell', 'logan.campbell@example.com', '+3232323232', '1818 Pine St, Milwaukee, WI, USA');


-- Sales Fact Table

INSERT INTO Sales (date_id, product_id, store_id, customer_id, amount_sold) VALUES
(1, 1, 1, 1, 1200.00),
(2, 2, 2, 2, 800.00),
(3, 3, 3, 3, 100.00),
(4, 4, 4, 4, 150.00),
(5, 5, 5, 5, 80.00),
(6, 6, 6, 6, 50.00),
(7, 7, 7, 7, 150.00),
(8, 8, 8, 8, 1000.00),
(9, 9, 9, 9, 200.00),
(10, 10, 10, 10, 70.00),
(11, 11, 11, 11, 150.00),
(12, 12, 12, 12, 800.00),
(13, 13, 13, 13, 50.00),
(14, 14, 14, 14, 30.00),
(15, 15, 15, 15, 400.00),
(16, 16, 16, 16, 200.00),
(17, 17, 17, 17, 100.00),
(18, 18, 18, 18, 150.00),
(19, 19, 19, 19, 300.00),
(20, 20, 20, 20, 80.00),
(21, 21, 21, 21, 80.00),
(22, 22, 22, 22, 250.00),
(23, 23, 23, 23, 70.00),
(24, 24, 24, 24, 300.00),
(25, 25, 25, 25, 80.00),
(26, 26, 26, 26, 40.00),
(27, 27, 27, 27, 100.00),
(28, 28, 28, 28, 50.00),
(29, 29, 29, 29, 120.00),
(30, 30, 30, 30, 100.00);
